{
  "德国": [
    51.1638175,
    10.4478313
  ],
  "法国": [
    46.603354,
    1.8883335
  ],
  "英国": [
    54.7023545,
    -3.2765753
  ],
  "新加坡": [
    1.2899175,
    103.8519072
  ],
  "韩国首尔": [
    37.5666791,
    126.9782914
  ],
  "泰国曼谷": [
    13.7524938,
    100.4935089
  ],
  "印度新德里": [
    28.6138954,
    77.2090057
  ]
}